{"learner":{"attributes":{"scikit_learn":"{\"_estimator_type\": \"classifier\"}"},"feature_names":["Pregnancies","Glucose","BloodPressure","SkinThickness","Insulin","BMI","DiabetesPedigreeFunction","Age"],"feature_types":["int","int","int","int","int","float","float","int"],"gradient_booster":{"model":{"cats":{"enc":[],"feature_segments":[],"sorted_idx":[]},"gbtree_model_param":{"num_parallel_tree":"1","num_trees":"3"},"iteration_indptr":[0,1,2,3],"tree_info":[0,0,0],"trees":[{"base_weights":[3.4884103E-8,-6.6353714E-1,1.1457636E0,-1.1683153E0,9.492876E-3,-1.4582965E-1,1.6202219E0,-4.332514E-1,-7.6816833E-1,-1.2403368E0,3.535679E-1,-8.178688E-1,7.994178E-1,1.1025915E0,2.1871655E0,9.7191826E-2,-9.352929E-1,-3.986735E-1,-1.0331828E-1,-8.417941E-1,7.29643E-1,-1.03544295E-2,-9.5001876E-1,1.2425601E-1,1.3007436E0,5.1637226E-1,1.5131867E0,6.789447E-1,1.7800069E-1,-2.960264E-1,3.4397435E-1,-1.2447394E0,-3.4325385E-1,-3.6889455E-1,-1.2920968E-1,3.2361513E-1,1.526272E0,-5.5145776E-1,-3.492447E-1,2.439505E-1,-1.6570476E-1,5.3036857E-1,3.7341204E-2,1.2312212E0,-3.503934E-1,6.63197E-2,1.6833715E0,-1.03544295E-2,-4.1747338E-1,1.0372154E-1,-3.4292176E-1,3.1866017E-1,-2.960264E-1,2.5160354E-1,-1.5169474E-1,5.2159894E-1,3.7341204E-2,-2.4190837E-1,3.7341204E-2,8.6656794E-2,4.9351507E-1,-2.773345E-1,2.439505E-1,5.4880744E-1,1.1679803E-1],"categories":[],"categories_nodes":[],"categories_segments":[],"categories_sizes":[],"default_left":[0,0,0,0,0,0,0,0,0,0,0,0,0,0,0,0,0,0,0,0,0,0,0,0,0,0,0,0,0,0,0,0,0,0,0,0,0,0,0,0,0,0,0,0,0,0,0,0,0,0,0,0,0,0,0,0,0,0,0,0,0,0,0,0,0],"id":0,"left_children":[1,3,5,7,9,11,13,-1,15,17,19,21,23,25,27,29,31,-1,-1,33,35,-1,37,39,41,43,45,-1,-1,-1,-1,47,49,-1,51,53,55,57,-1,-1,-1,-1,-1,59,61,-1,63,-1,-1,-1,-1,-1,-1,-1,-1,-1,-1,-1,-1,-1,-1,-1,-1,-1,-1],"loss_changes":[1.0727916E2,3.0369175E1,3.194899E1,4.527916E0,1.7334192E1,1.0068308E1,8.719543E0,0E0,3.4138365E0,2.3299122E-1,1.4813513E1,9.150653E-1,2.0939965E0,4.476391E0,7.2637177E-1,6.3922405E0,3.118023E0,0E0,0E0,2.0586233E0,7.4508915E0,0E0,2.3435593E-2,2.2881453E0,1.8233914E0,6.946951E0,2.3388062E0,0E0,0E0,0E0,0E0,2.142765E0,4.8166637E0,0E0,5.079004E0,7.91541E0,2.1723995E0,8.972386E-1,0E0,0E0,0E0,0E0,0E0,1.8585892E0,4.4463153E0,0E0,1.3171177E0,0E0,0E0,0E0,0E0,0E0,0E0,0E0,0E0,0E0,0E0,0E0,0E0,0E0,0E0,0E0,0E0,0E0,0E0],"parents":[2147483647,0,0,1,1,2,2,3,3,4,4,5,5,6,6,8,8,9,9,10,10,11,11,12,12,13,13,14,14,15,15,16,16,19,19,20,20,22,22,23,23,24,24,25,25,26,26,31,31,32,32,34,34,35,35,36,36,37,37,43,43,44,44,46,46],"right_children":[2,4,6,8,10,12,14,-1,16,18,20,22,24,26,28,30,32,-1,-1,34,36,-1,38,40,42,44,46,-1,-1,-1,-1,48,50,-1,52,54,56,58,-1,-1,-1,-1,-1,60,62,-1,64,-1,-1,-1,-1,-1,-1,-1,-1,-1,-1,-1,-1,-1,-1,-1,-1,-1,-1],"split_conditions":[1.28E2,2.9E1,3E1,3.1E1,2.63E1,1.47E2,1.58E2,-4.332514E-1,8E0,1.21E2,9.5E1,6E1,1.4E1,3.1E1,5.1E2,1.08E2,4.87E-1,-3.986735E-1,-1.0331828E-1,3.1E1,5.14E-1,-1.03544295E-2,1.35E2,2.6E1,1.46E2,7.4E1,2.03E-1,6.789447E-1,1.7800069E-1,-2.960264E-1,3.4397435E-1,3.21E1,7E1,-3.6889455E-1,1.4E1,2.8E1,4.1E1,1.8E1,-3.492447E-1,2.439505E-1,-1.6570476E-1,5.3036857E-1,3.7341204E-2,3.04E-1,8.5E1,6.63197E-2,1.1E1,-1.03544295E-2,-4.1747338E-1,1.0372154E-1,-3.4292176E-1,3.1866017E-1,-2.960264E-1,2.5160354E-1,-1.5169474E-1,5.2159894E-1,3.7341204E-2,-2.4190837E-1,3.7341204E-2,8.6656794E-2,4.9351507E-1,-2.773345E-1,2.439505E-1,5.4880744E-1,1.1679803E-1],"split_indices":[1,7,5,5,5,1,1,0,3,1,1,2,4,7,4,1,6,0,0,3,6,0,1,5,4,2,6,0,0,0,0,5,2,0,4,3,3,3,0,0,0,0,0,6,2,0,0,0,0,0,0,0,0,0,0,0,0,0,0,0,0,0,0,0,0],"split_type":[0,0,0,0,0,0,0,0,0,0,0,0,0,0,0,0,0,0,0,0,0,0,0,0,0,0,0,0,0,0,0,0,0,0,0,0,0,0,0,0,0,0,0,0,0,0,0,0,0,0,0,0,0,0,0,0,0,0,0,0,0,0,0,0,0],"sum_hessian":[1.3910912E2,8.8359215E1,5.074991E1,5.007022E1,3.8288994E1,1.3820287E1,3.692962E1,2.8093699E1,2.1976522E1,7.7031107E0,3.058588E1,8.156235E0,5.664052E0,2.0843712E1,1.6085907E1,3.6249933E0,1.8351528E1,6.5703006E0,1.1328104E0,7.0234246E0,2.3562456E1,1.3593725E0,6.7968626E0,2.945307E0,2.718745E0,9.515608E0,1.1328104E1,1.4953097E1,1.1328104E0,1.8124967E0,1.8124967E0,1.1328104E1,7.0234246E0,4.0781174E0,2.945307E0,1.6539032E1,7.0234246E0,3.6249933E0,3.1718693E0,1.3593725E0,1.5859346E0,1.5859346E0,1.1328104E0,4.984366E0,4.5312414E0,1.5859346E0,9.742169E0,1.3593725E0,9.968732E0,4.0781174E0,2.945307E0,1.1328104E0,1.8124967E0,1.0195293E1,6.3437386E0,5.890614E0,1.1328104E0,2.492183E0,1.1328104E0,2.0390587E0,2.945307E0,3.1718693E0,1.3593725E0,8.382797E0,1.3593725E0],"tree_param":{"num_deleted":"0","num_feature":"8","num_nodes":"65","size_leaf_vector":"1"}},{"base_weights":[-1.7001094E-2,-5.4264396E-1,7.859071E-1,-9.858086E-1,-1.4186968E-2,-1.1059163E-1,1.084634E0,-3.747658E-1,-6.3280857E-1,-1.0684135E0,2.413221E-1,-7.502936E-1,5.8036864E-1,5.173747E-1,1.3246624E0,1.00954086E-1,-7.492908E-1,-3.4953052E-1,-8.748858E-2,-7.061719E-1,5.0606114E-1,-3.904808E-1,-3.1539845E-1,-5.3348426E-2,8.119752E-1,-3.8272325E-2,1.0073637E0,1.4059063E0,8.842676E-3,-1.051164E0,-1.9118634E-1,-3.1977028E-1,-9.787553E-2,-5.67797E-1,7.0046574E-1,-2.6469362E-1,8.777634E-2,1.1046418E0,-2.7005624E-2,-5.105296E-1,5.3473794E-1,4.1070756E-1,4.046673E-1,1.4508947E0,1.19544275E-1,-1.7222267E-2,-3.5051563E-1,1.7046419E-1,-1.9516572E-1,2.553493E-1,-2.5902012E-1,1.7735755E-2,-2.9120582E-1,2.6419798E-1,-5.746199E-2,-1.2945208E-1,1.9562353E-1,9.539157E-2,4.6051583E-1,3.8575012E-2,-2.70409E-1,2.2378764E-1,6.5888865E-3,-1.117458E-1,3.344007E-1,2.2381492E-1,4.6571565E-1],"categories":[],"categories_nodes":[],"categories_segments":[],"categories_sizes":[],"default_left":[0,0,0,0,0,0,0,0,0,0,0,0,0,0,0,0,0,0,0,0,0,0,0,0,0,0,0,0,0,0,0,0,0,0,0,0,0,0,0,0,0,0,0,0,0,0,0,0,0,0,0,0,0,0,0,0,0,0,0,0,0,0,0,0,0,0,0],"id":1,"left_children":[1,3,5,7,9,11,13,-1,15,17,19,21,23,25,27,-1,29,-1,-1,31,33,35,-1,-1,37,39,41,43,-1,45,47,-1,49,51,53,-1,55,57,-1,59,61,63,-1,65,-1,-1,-1,-1,-1,-1,-1,-1,-1,-1,-1,-1,-1,-1,-1,-1,-1,-1,-1,-1,-1,-1,-1],"loss_changes":[5.755279E1,1.9282192E1,1.4571548E1,3.3750648E0,1.0654025E1,6.797942E0,4.8383217E0,0E0,2.6424847E0,2.3955917E-1,8.354523E0,4.4632673E-1,1.4585819E0,3.769301E0,2.8906975E0,0E0,3.0353556E0,0E0,0E0,1.5105991E0,5.721511E0,1.2992824E0,0E0,0E0,1.660202E0,2.271333E0,9.372692E-1,6.092491E-1,0E0,1.359231E0,3.1482744E0,0E0,3.5273461E0,1.1842095E0,3.7113123E0,0E0,1.3196081E0,1.0488634E0,0E0,1.2548732E0,3.978778E-1,2.6766927E0,0E0,6.0879135E-1,0E0,0E0,0E0,0E0,0E0,0E0,0E0,0E0,0E0,0E0,0E0,0E0,0E0,0E0,0E0,0E0,0E0,0E0,0E0,0E0,0E0,0E0,0E0],"parents":[2147483647,0,0,1,1,2,2,3,3,4,4,5,5,6,6,8,8,9,9,10,10,11,11,12,12,13,13,14,14,16,16,19,19,20,20,21,21,24,24,25,25,26,26,27,27,29,29,30,30,32,32,33,33,34,34,36,36,37,37,39,39,40,40,41,41,43,43],"right_children":[2,4,6,8,10,12,14,-1,16,18,20,22,24,26,28,-1,30,-1,-1,32,34,36,-1,-1,38,40,42,44,-1,46,48,-1,50,52,54,-1,56,58,-1,60,62,64,-1,66,-1,-1,-1,-1,-1,-1,-1,-1,-1,-1,-1,-1,-1,-1,-1,-1,-1,-1,-1,-1,-1,-1,-1],"split_conditions":[1.28E2,2.9E1,3E1,3.1E1,2.63E1,1.46E2,3.05E-1,-3.747658E-1,5.4E1,8E1,9.5E1,4.03E-1,3E1,3.8E1,4.74E2,1.00954086E-1,5.02E-1,-3.4953052E-1,-8.748858E-2,3.1E1,1.99E-1,3E0,-3.1539845E-1,-5.3348426E-2,5.4E1,2.6E1,1.45E2,1.441E0,8.842676E-3,8E0,6.8E1,-3.1977028E-1,1.4E1,8E0,8.5E1,-2.6469362E-1,2.69E-1,4.1E1,-2.7005624E-2,8E0,2.6E1,7E0,4.046673E-1,2.5E1,1.19544275E-1,-1.7222267E-2,-3.5051563E-1,1.7046419E-1,-1.9516572E-1,2.553493E-1,-2.5902012E-1,1.7735755E-2,-2.9120582E-1,2.6419798E-1,-5.746199E-2,-1.2945208E-1,1.9562353E-1,9.539157E-2,4.6051583E-1,3.8575012E-2,-2.70409E-1,2.2378764E-1,6.5888865E-3,-1.117458E-1,3.344007E-1,2.2381492E-1,4.6571565E-1],"split_indices":[1,7,5,5,5,1,6,0,2,2,1,6,7,7,4,0,6,0,0,3,6,0,0,0,7,3,1,6,0,3,2,0,4,3,2,0,6,7,0,3,7,0,0,7,0,0,0,0,0,0,0,0,0,0,0,0,0,0,0,0,0,0,0,0,0,0,0],"split_type":[0,0,0,0,0,0,0,0,0,0,0,0,0,0,0,0,0,0,0,0,0,0,0,0,0,0,0,0,0,0,0,0,0,0,0,0,0,0,0,0,0,0,0,0,0,0,0,0,0,0,0,0,0,0,0,0,0,0,0,0,0,0,0,0,0,0,0],